EP Feature Agreement, EP, EP+Occ, EP+LIME, EP+Nat
EP, 1, 0.302047619, 0.3337142857, 0.3071666667
EP+Occ, 0.30204761, 1, 0.2753571429, 0.2358809524
EP+LIME, 0.3337142857, 0.2753571429, 1, 0.3312857143
EP+Nat, 0.3071666667, 0.2358809524, 0.3312857143, 1