EP Pairwise Rank Agreement, EP, EP+Occ, EP+LIME
EP, 1, 0.5305478056, 0.546316516
EP+Occ, 0.5305478056, 1, 0.5364222583
EP+LIME, 0.546316516, 0.5364222583, 1