EP Feature Agreement, SelfExp, Occlusion, LIME, SelfExpTokK
SelfExp, 1, 0.302047619, 0.3337142857, 0.3071666667
Occlusion, 0.30204761, 1, 0.2753571429, 0.2358809524
LIME, 0.3337142857, 0.2753571429, 1, 0.3312857143
SelfExpTopK, 0.3071666667, 0.2358809524, 0.3312857143, 1