EP IOU,	EP, EP+Occ, EP+LIME, EP+Nat
EP, 1, 0.2317317127, 0.250464147, 0.2318623044
EP+Occ, 0.2317317127, 1, 0.206995893, 0.1738097458
EP+LIME, 0.250464147, 0.206995893, 1, 0.2396905872
EP+Nat, 0.2318623044, 0.1738097458, 0.2396905872, 1