EP Rank Correlation, EP, EP+Occ, EP+LIME
EP, 1, 0.06984164834, 0.1285877456
EP+Occ, 0.06984164834, 1, 0.09253259366
EP+LIME, 0.1285877456, 0.09253259366, 1