EP Rank Agreement, EP, EP+Occ, EP+LIME
EP, 1, 0.1775952381, 0.1798333333
EP+Occ, 0.1775952381, 1, 0.1491666667
EP+LIME, 0.1798333333, 0.1491666667, 1