EP Sign Agreement, EP, EP+Occ, EP+LIME
EP, 1, 0.302047619, 0.3137142857
EP+Occ, 0.302047619, 1, 0.2620238095
EP+LIME, 0.3137142857, 0.2620238095, 1