EP Signed Rank Agreement, EP, EP+Occ, EP+LIME
EP, 1, 0.1775952381, 0.1598333333
EP+Occ, 0.1775952381, 1, 0.1358333333
EP+LIME, 0.1598333333, 0.1358333333, 1