PE Rank Agreeement, PE, PE+Occ, PE+LIME
PE, 1, 0.1306666667, 0.1757619048
PE+Occ, 0.1306666667, 1, 0.1435
PE+LIME, 0.1757619048, 0.1435, 1