PE IOU, PE, PE+Occ, PE+LIME, PE+Nat
PE, 1, 0.1665152625, 0.2608261183, 0.3033968254
PE+Occ, 0.1665152625, 1, 0.2141141081, 0.1666774892
PE+LIME, 0.2608261183, 0.2141141081, 1, 0.2462561328
PE+Nat, 0.3033968254, 0.1666774892, 0.2462561328, 1