PE Rank Correlation, PE, PE+Occ, PE+LIME
PE, 1, 0.05964530053, 0.2146691352
PE+Occ, 0.05964530053, 1, 0.1381499891
PE+LIME, 0.2146691352, 0.1381499891, 1