PE Sign Agreement, PE, PE+Occ, PE+LIME
PE, 1, 0.172, 0.3035
PE+Occ, 0.172, 1, 0.2783333333
PE+LIME, 0.3035, 0.2783333333, 1